catalogue,cluster_name,p_BHS,tier,paper_pred,paper_pred_fallback,lit_candidate,catalogue_source,relaxation_time_definition,CSB,sigma0,L_tot,t_rh,r_hl,r_c,rc_over_rhl,L_over_rhl2
Harris,NGC 6254,0.9221952213091248,robust,1.0,1.0,,Askar et al. (2019) Table A1,median,3030.0,6.6,83900.0,794.33,2.5,0.99,0.396,13424.0
Harris,NGC 6712,0.9217442901491096,robust,0.0,1.0,,Askar et al. (2019) Table A1,median,1160.0,4.3,85500.0,891.25,2.67,1.53,0.5730337078651686,11993.435172326726
Harris,NGC 6779,0.9214253140536033,robust,0.0,1.0,,Askar et al. (2019) Table A1,median,2130.0,4.0,78700.0,1023.29,3.01,1.2,0.39867109634551495,8686.438339532679
Harris,NGC 6218,0.917111118638165,robust,1.0,1.0,,Askar et al. (2019) Table A1,median,2090.0,4.5,71800.0,741.31,2.47,1.1,0.44534412955465585,11768.75542952679
Harris,NGC 6934,0.916414084732873,robust,1.0,1.0,,Askar et al. (2019) Table A1,median,4180.0,5.1,81700.0,1096.48,3.13,1.0,0.3194888178913738,8339.372658698161
Harris,NGC 3201,0.9142013897783328,robust,1.0,1.0,,Askar et al. (2019) Table A1,median,914.0,5.0,81700.0,1862.09,4.42,1.85,0.41855203619909503,4181.93730677095
Harris,NGC 6809,0.913958396718322,robust,0.0,1.0,,Askar et al. (2019) Table A1,median,656.0,4.0,91200.0,1949.85,4.45,2.83,0.6359550561797753,4605.479106173462
Harris,IC 4499,0.912337930705966,robust,1.0,1.0,,Askar et al. (2019) Table A1,median,159.0,2.5,72400.0,5370.32,9.35,4.59,0.4909090909090909,828.1620864194
Harris,NGC 5986,0.9017366783724765,robust,1.0,1.0,,Askar et al. (2019) Table A1,median,3110.0,,202999.99999999997,1513.56,2.96,1.42,0.4797297297297297,23169.284149013878
Harris,NGC 4590,0.8926849244466121,robust,0.0,1.0,,Askar et al. (2019) Table A1,median,1090.0,2.5,75900.0,1862.09,4.52,1.74,0.3849557522123894,3715.0520792544453
Harris,NGC 6656,0.8547671645812307,robust,1.0,1.0,,Askar et al. (2019) Table A1,median,3920.0,7.8,215000.0,1698.24,3.13,1.24,0.3961661341853035,21945.717522889896
Harris,NGC 6139,0.8311944004341696,robust,1.0,1.0,,Askar et al. (2019) Table A1,median,4800.0,,189000.0,1122.02,2.5,0.44,0.176,30240.0
Harris,NGC 6440,0.8230790417828556,robust,1.0,1.0,,Askar et al. (2019) Table A1,median,5460.0,,270000.0,416.87,1.19,0.35,0.29411764705882354,190664.50109455548
Harris,NGC 6333,0.8214777410574066,robust,1.0,1.0,,Askar et al. (2019) Table A1,median,4030.000000000001,,129000.0,794.33,2.21,1.03,0.4660633484162896,26412.23562171127
Harris,NGC 6205,0.784380673336327,plausible,0.0,1.0,,Askar et al. (2019) Table A1,median,8410.0,7.1,225000.0,1995.26,3.49,1.28,0.3667621776504298,18472.75473928785
Harris,NGC 6569,0.7711747827981587,plausible,1.0,1.0,,Askar et al. (2019) Table A1,median,2000.0,,175000.0,1122.02,2.54,1.11,0.4370078740157481,27125.0542501085
Harris,NGC 6121,0.767315382308859,plausible,0.0,0.0,,Askar et al. (2019) Table A1,median,2400.0,4.0,64300.0,851.14,2.77,0.74,0.26714801444043323,8380.143101043934
Harris,NGC 6171,0.734749181617147,plausible,0.0,0.0,,Askar et al. (2019) Table A1,median,966.0,4.1,60300.0,1000.0,3.22,1.04,0.32298136645962733,5815.747849234211
Harris,NGC 4372,0.6739147391712882,plausible,1.0,1.0,,Askar et al. (2019) Table A1,median,213.0,,112000.0,3890.45,6.6,2.95,0.446969696969697,2571.166207529844
Harris,NGC 6356,0.6651957935627251,plausible,0.0,1.0,,Askar et al. (2019) Table A1,median,5660.0,,217000.0,1995.26,3.56,1.05,0.2949438202247191,17122.20679207171
Harris,NGC 5139,0.6410152143502953,plausible,1.0,1.0,,Askar et al. (2019) Table A1,median,6870.0,16.8,1090000.0,12302.69,7.56,3.58,0.4735449735449736,19071.414574060076
Harris,NGC 6553,0.6037274139162347,plausible,1.0,1.0,,Askar et al. (2019) Table A1,median,1960.0,,110000.0,524.81,1.8,0.93,0.5166666666666667,33950.61728395062
Harris,NGC 5466,0.5689506451593368,plausible,0.0,1.0,,Askar et al. (2019) Table A1,median,82.6,1.7,53000.0,5754.4,10.7,6.66,0.6224299065420561,462.92252598480223
Harris,NGC 6402,0.49961423492415236,plausible,1.0,1.0,,Askar et al. (2019) Table A1,median,1570.0,,373000.0,2454.71,3.52,2.14,0.6079545454545455,30103.951446280993
Harris,Pal 6,0.494,exploratory,0.0,0.0,,Askar et al. (2019) Table A1,median,90.5,,44500.0,436.52,2.02,1.11,0.5495049504950495,10905.793549651995
Harris,NGC 6316,0.494,exploratory,1.0,1.0,,Askar et al. (2019) Table A1,median,3840.0,,185000.0,776.25,1.97,0.51,0.25888324873096447,47669.35504650983
Harris,Pal 10,0.494,exploratory,0.0,0.0,,Askar et al. (2019) Table A1,median,56.1,,17700.0,234.42,1.7,1.39,0.8176470588235294,6124.567474048444
Harris,Terzan 6,0.494,exploratory,0.0,0.0,,Askar et al. (2019) Table A1,median,181.0,,92900.0,165.96,0.87,0.1,0.1149425287356322,122737.48183379574
Harris,NGC 6380,0.494,exploratory,1.0,1.0,,Askar et al. (2019) Table A1,median,403.0,,85500.0,724.44,2.35,1.08,0.4595744680851064,15482.118605703936
Harris,NGC 6517,0.494,exploratory,0.0,1.0,,Askar et al. (2019) Table A1,median,3440.0,,171000.0,524.81,1.54,0.19,0.12337662337662338,72103.2214538708
Harris,NGC 6273,0.450221663271459,exploratory,0.0,1.0,,Askar et al. (2019) Table A1,median,7130.0,,384000.0,2398.83,3.38,1.1,0.3254437869822486,33612.268477994476
Harris,NGC 6539,0.44700965000688764,exploratory,1.0,1.0,,Askar et al. (2019) Table A1,median,1350.0,,177000.0,2089.3,3.86,0.86,0.2227979274611399,11879.513543987758
Harris,NGC 5946,0.43940149664390143,exploratory,0.0,0.0,,Askar et al. (2019) Table A1,median,4840.0,4.0,63700.0,812.83,2.74,0.25,0.09124087591240876,8484.735468059032
Harris,Terzan 5,0.4369528987057969,exploratory,0.0,1.0,,Askar et al. (2019) Table A1,median,135.0,,79400.0,338.84,1.45,0.32,0.22068965517241382,37764.56599286564
Harris,NGC 6638,0.4355898907897661,exploratory,0.0,0.0,,Askar et al. (2019) Table A1,median,4370.0,,60300.0,288.4,1.39,0.6,0.43165467625899284,31209.564722322866
Harris,NGC 6362,0.4094572091103468,exploratory,0.0,1.0,,Askar et al. (2019) Table A1,median,687.0,2.8,51500.0,1584.89,4.53,2.5,0.5518763796909492,2509.6365169168994
Harris,NGC 288,0.3775066499372678,exploratory,1.0,1.0,,Askar et al. (2019) Table A1,median,347.0,2.9,42900.0,2089.3,5.77,3.5,0.6065857885615252,1288.5630269516926
Harris,NGC 6266,0.3663792212421743,exploratory,0.0,0.0,,Askar et al. (2019) Table A1,median,33200.0,14.3,401999.99999999994,954.99,1.82,0.44,0.24175824175824176,121362.15432918727
Harris,NGC 6388,0.33198187011881414,below-threshold,0.0,0.0,,Askar et al. (2019) Table A1,median,58200.0,18.9,497000.0,794.33,1.5,0.35,0.2333333333333333,220888.88888888888
Harris,NGC 6760,0.3306588327082152,below-threshold,1.0,1.0,,Askar et al. (2019) Table A1,median,1250.0,,117000.0,1023.29,2.73,0.73,0.2673992673992674,15698.587127158557
Harris,NGC 1851,0.3108688358515257,below-threshold,0.0,0.0,,Askar et al. (2019) Table A1,median,72600.0,10.4,184000.0,660.69,1.8,0.32,0.17777777777777778,56790.12345679012
Harris,NGC 6496,0.2888869957028915,below-threshold,0.0,1.0,,Askar et al. (2019) Table A1,median,311.0,,64900.0,1096.48,3.35,3.12,0.9313432835820895,5783.025172644241
Harris,NGC 6441,0.2877903711159909,below-threshold,0.0,0.0,,Askar et al. (2019) Table A1,median,41800.0,18.0,608000.0,1230.27,1.92,0.44,0.22916666666666669,164930.55555555556
Harris,NGC 6584,0.2787547191560521,below-threshold,1.0,1.0,,Askar et al. (2019) Table A1,median,3230.0,,102000.0,1047.13,2.87,1.02,0.35540069686411146,12383.299542303535
Harris,NGC 6287,0.2557946612110655,below-threshold,1.0,1.0,,Askar et al. (2019) Table A1,median,1710.0,,75200.0,562.34,2.02,0.79,0.3910891089108911,18429.565728850113
Harris,NGC 2808,0.23653919660624387,below-threshold,0.0,0.0,,Askar et al. (2019) Table A1,median,33800.0,13.4,488000.0,1412.54,2.23,0.7,0.3139013452914798,98131.87476120573
Harris,NGC 6355,0.20925805842246148,below-threshold,0.0,0.0,,Askar et al. (2019) Table A1,median,3200.0,,145000.0,912.01,2.36,0.13,0.05508474576271187,26034.185578856654
Harris,NGC 6749,0.20492102210702548,below-threshold,0.0,0.0,,Askar et al. (2019) Table A1,median,64.4,,40900.0,602.56,2.53,1.42,0.5612648221343873,6389.726444718713
Harris,NGC 362,0.1962198644181056,below-threshold,0.0,0.0,,Askar et al. (2019) Table A1,median,43700.0,6.4,200999.99999999997,851.14,2.05,0.45,0.21951219512195125,47828.6734086853
Harris,NGC 5272,0.1946348730894719,below-threshold,0.0,1.0,,Askar et al. (2019) Table A1,median,8029.999999999999,5.5,305000.0,6165.95,6.85,1.1,0.16058394160583944,6500.079919015398
Harris,NGC 5927,0.18948767517107182,below-threshold,0.0,0.0,,Askar et al. (2019) Table A1,median,6260.0,,114000.0,870.96,2.46,0.94,0.38211382113821135,18837.99325798136
Harris,NGC 6541,0.15355536273814754,below-threshold,0.0,0.0,,Askar et al. (2019) Table A1,median,24300.0,8.2,219000.0,1071.52,2.31,0.39,0.16883116883116883,41041.209872378706
Harris,NGC 5904,0.14534570572823258,below-threshold,0.0,1.0,,Askar et al. (2019) Table A1,median,13300.0,5.5,286000.0,2570.4,3.86,0.96,0.24870466321243523,19195.1461784209
Harris,NGC 6325,0.13960471936138966,below-threshold,0.0,0.0,,Askar et al. (2019) Table A1,median,3440.0,5.9,52000.0,281.84,1.43,0.07,0.04895104895104896,25429.116338207252
Harris,NGC 5286,0.13267997890846447,below-threshold,0.0,1.0,,Askar et al. (2019) Table A1,median,11800.0,8.1,268000.0,1288.25,2.48,0.95,0.38306451612903225,43574.40166493236
Harris,NGC 7078,0.12297946724836761,below-threshold,0.0,0.0,,Askar et al. (2019) Table A1,median,75300.0,13.5,405999.99999999994,2089.3,3.03,0.42,0.13861386138613863,44222.24400657887
Harris,NGC 6093,0.11853908786523994,below-threshold,0.0,0.0,,Askar et al. (2019) Table A1,median,32900.0,12.4,167000.0,630.96,1.77,0.44,0.2485875706214689,53305.244342302656
Harris,NGC 5897,0.11461443609464493,below-threshold,1.0,1.0,,Askar et al. (2019) Table A1,median,223.0,,66700.0,3715.35,7.49,5.09,0.6795727636849132,1188.9461872616982
Harris,NGC 6723,0.11160223471842959,below-threshold,1.0,1.0,,Askar et al. (2019) Table A1,median,2040.0,,116000.0,1737.8,3.87,2.1,0.5426356589147286,7745.261035327738
Harris,NGC 6341,0.11011090884107173,below-threshold,0.0,0.0,,Askar et al. (2019) Table A1,median,23600.0,6.0,164000.0,1047.13,2.46,0.63,0.25609756097560976,27100.27100271003
Harris,NGC 6637,0.10050627405421753,below-threshold,0.0,0.0,,Askar et al. (2019) Table A1,median,6810.0,,97300.0,660.69,2.15,0.84,0.39069767441860465,21049.215792320174
Harris,NGC 6284,0.09780985441835131,below-threshold,0.0,0.0,,Askar et al. (2019) Table A1,median,10500.0,6.3,131000.0,1230.27,2.94,0.31,0.1054421768707483,15155.722152806702
Harris,NGC 6752,0.09490308455309773,below-threshold,0.0,0.0,,Askar et al. (2019) Table A1,median,40599.99999999999,4.9,106000.0,741.31,2.22,0.2,0.09009009009009009,21507.99448096745
Harris,NGC 6256,0.09392677307523131,below-threshold,0.0,0.0,,Askar et al. (2019) Table A1,median,2540.0,6.6,61900.00000000001,724.44,2.58,0.06,0.023255813953488372,9299.320954269575
Harris,NGC 6624,0.09144689440109517,below-threshold,0.0,0.0,,Askar et al. (2019) Table A1,median,27100.0,5.4,84700.0,512.86,1.88,0.14,0.07446808510638299,23964.46355817112
Harris,NGC 6342,0.09104895749031548,below-threshold,0.0,0.0,,Askar et al. (2019) Table A1,median,5930.0,5.2,31600.0,323.59,1.8,0.12,0.06666666666666667,9753.086419753086
Harris,NGC 6522,0.08998955413039075,below-threshold,0.0,0.0,,Askar et al. (2019) Table A1,median,18200.0,6.7,98200.0,724.44,2.24,0.11,0.049107142857142856,19571.109693877548
Harris,NGC 104,0.08812114069493562,below-threshold,0.0,0.0,,Askar et al. (2019) Table A1,median,64400.00000000001,11.0,501000.0,3548.13,4.15,0.47,0.11325301204819276,29089.853389461456
Harris,NGC 6293,0.08619789647125557,below-threshold,0.0,0.0,,Askar et al. (2019) Table A1,median,18700.0,7.7,111000.0,870.96,2.46,0.14,0.05691056910569106,18342.256593297643
Harris,NGC 7099,0.0837985220230756,below-threshold,0.0,0.0,,Askar et al. (2019) Table A1,median,26400.0,5.5,81700.0,758.58,2.43,0.14,0.05761316872427984,13835.966739487543
Harris,NGC 6864,0.0836157314879415,below-threshold,0.0,0.0,,Askar et al. (2019) Table A1,median,22500.0,10.3,229000.0,1412.54,2.8,0.55,0.19642857142857145,29209.183673469393
Harris,NGC 6397,0.08254790966710716,below-threshold,0.0,0.0,,Askar et al. (2019) Table A1,median,23600.0,4.5,38700.0,398.11,1.94,0.03,0.015463917525773196,10282.708045488363
Harris,NGC 7089,0.08219671913114872,below-threshold,0.0,1.0,,Askar et al. (2019) Table A1,median,17700.0,8.2,350000.0,2511.89,3.55,1.07,0.3014084507042254,27772.267407260468
Harris,NGC 6626,0.08114851786992493,below-threshold,0.0,0.0,,Askar et al. (2019) Table A1,median,17900.0,8.6,157000.0,1479.11,3.15,0.38,0.12063492063492064,15822.625346434872
Harris,NGC 6681,0.08091602515036977,below-threshold,0.0,0.0,,Askar et al. (2019) Table A1,median,72600.0,5.2,60300.0,446.68,1.86,0.08,0.04301075268817204,17429.760665972943
Harris,NGC 6838,0.07925263643962845,below-threshold,0.0,0.0,,Askar et al. (2019) Table A1,median,458.0,2.3,15000.0,269.15,1.94,0.73,0.37628865979381443,3985.545754065257
Harris,NGC 6366,0.07854096535079345,below-threshold,0.0,0.0,,Askar et al. (2019) Table A1,median,115.0,1.3,16900.0,537.03,2.97,2.21,0.744107744107744,1915.9042728066293
Harris,NGC 6535,0.07824719112250081,below-threshold,0.0,0.0,,Askar et al. (2019) Table A1,median,114.0,2.4,6790.0,158.49,1.68,0.71,0.4226190476190476,2405.7539682539687
Harris,NGC 6558,0.07777555064017268,below-threshold,0.0,0.0,,Askar et al. (2019) Table A1,median,9310.0,3.1,32200.000000000004,1318.26,4.63,0.06,0.012958963282937365,1502.0828571295292
Harris,NGC 6101,0.031194353850871943,below-threshold,1.0,1.0,,Askar et al. (2019) Table A1,median,279.0,,51100.0,1659.59,4.7,4.35,0.9255319148936169,2313.263920325939
Harris,Pal 11,0.02907435112323923,below-threshold,1.0,1.0,,Askar et al. (2019) Table A1,median,471.0,,50100.0,2187.76,5.69,4.64,0.8154657293497363,1547.4377704541312
Harris,NGC 6528,0.023381735788289275,below-threshold,0.0,0.0,,Askar et al. (2019) Table A1,median,7390.0,,36300.0,114.82,0.87,0.3,0.3448275862068965,47958.77923107412
Harris,NGC 4833,0.01487739842326916,below-threshold,0.0,1.0,,Askar et al. (2019) Table A1,median,1480.0,,158000.0,2630.27,4.63,1.92,0.4146868250539957,7370.468677840547
Harris,NGC 6453,0.011247041881482527,below-threshold,0.0,0.0,,Askar et al. (2019) Table A1,median,5410.0,,66100.0,331.13,1.48,0.17,0.11486486486486487,30177.136596055516
Harris,Terzan 12,0.009402021649931038,below-threshold,0.0,0.0,,Askar et al. (2019) Table A1,median,11.5,,3870.0,60.26,1.05,1.16,1.1047619047619046,3510.204081632653
Harris,NGC 6401,0.007858700221825754,below-threshold,1.0,1.0,,Askar et al. (2019) Table A1,median,1200.0,,124000.0,3388.44,5.89,0.77,0.1307300509337861,3574.3007774104194
Harris,NGC 6304,0.006761604909115194,below-threshold,0.0,1.0,,Askar et al. (2019) Table A1,median,4800.0,,71100.0,707.95,2.44,0.36,0.14754098360655737,11942.35420585864
Harris,NGC 6544,0.00666954484585789,below-threshold,0.0,0.0,,Askar et al. (2019) Table A1,median,10900.0,,51100.0,173.78,1.06,0.04,0.03773584905660377,45478.81808472765
Harris,NGC 6652,0.006286796056549077,below-threshold,0.0,0.0,,Askar et al. (2019) Table A1,median,13200.0,,39400.0,245.47,1.4,0.29,0.20714285714285713,20102.040816326535
Harris,1636-283,0.006169689510416063,below-threshold,0.0,0.0,,Askar et al. (2019) Table A1,median,182.0,,3470.0,74.13,1.21,1.21,1.0,2370.0566901167954
Harris,NGC 6642,0.006087985952587494,below-threshold,0.0,0.0,,Askar et al. (2019) Table A1,median,6810.0,,39400.0,331.13,1.72,0.24,0.13953488372093023,13318.009734991889
Harris,Pal 8,0.00605300332799222,below-threshold,0.0,0.0,,Askar et al. (2019) Table A1,median,364.0,,13700.000000000002,295.12,2.16,2.09,0.9675925925925924,2936.385459533608
Harris,Terzan 10,0.0060387471158635355,below-threshold,0.0,0.0,,Askar et al. (2019) Table A1,median,112.0,,29600.0,549.54,2.62,1.52,0.5801526717557252,4312.103024299283
Harris,NGC 6717,0.005961665356446687,below-threshold,0.0,0.0,,Askar et al. (2019) Table A1,median,7130.0,,15700.0,165.96,1.4,0.17,0.12142857142857144,8010.204081632654
Harris,NGC 6144,0.005834923807164435,below-threshold,0.0,1.0,,Askar et al. (2019) Table A1,median,347.0,,47000.0,1380.38,4.22,2.43,0.575829383886256,2639.2039711596776
Harris,HP 1,0.0058201751712251195,below-threshold,0.0,0.0,,Askar et al. (2019) Table A1,median,111.0,,32800.0,2754.23,7.39,0.07,0.009472259810554806,600.5995008432197
Harris,NGC 6426,0.005787549713075975,below-threshold,0.0,1.0,,Askar et al. (2019) Table A1,median,335.0,,39800.0,1905.46,5.51,1.56,0.2831215970961888,1310.931123415272
Harris,BH 176,0.005779887130941185,below-threshold,0.0,0.0,,Askar et al. (2019) Table A1,median,16.5,,3600.0,616.6,4.95,4.95,1.0,146.92378328741964
Harris,E 3,0.005779694499741537,below-threshold,0.0,0.0,,Askar et al. (2019) Table A1,median,20.9,,3800.0,630.96,4.95,4.41,0.8909090909090909,155.08621569227628
Harris,NGC 6981,0.005760548955120039,below-threshold,0.0,1.0,,Askar et al. (2019) Table A1,median,897.0000000000001,,56000.0,1698.24,4.6,2.27,0.49347826086956526,2646.5028355387526
Harris,Terzan 3,0.005759796620729342,below-threshold,0.0,0.0,,Askar et al. (2019) Table A1,median,35.699999999999996,,7240.0,371.54,2.98,2.81,0.9429530201342282,815.278591054457
Harris,IC 1276,0.005752115616081027,below-threshold,0.0,0.0,,Askar et al. (2019) Table A1,median,83.3,,39800.0,1071.52,3.74,1.59,0.42513368983957217,2845.3773342103
Harris,Terzan 9,0.0057446148007524855,below-threshold,0.0,0.0,,Askar et al. (2019) Table A1,median,18.9,,2610.0,100.0,1.61,0.06,0.03726708074534161,1006.9055977778634
Harris,Ton 2,0.005744337652503926,below-threshold,0.0,0.0,,Askar et al. (2019) Table A1,median,49.8,,25099.999999999996,660.69,3.1,1.29,0.4161290322580645,2611.862643080124
Harris,NGC 2298,0.005741657248185744,below-threshold,0.0,0.0,,Askar et al. (2019) Table A1,median,1000.0,,28600.0,691.83,3.08,0.97,0.3149350649350649,3014.8423005565865
Harris,Terzan 7,0.0057416479081262035,below-threshold,0.0,0.0,,Askar et al. (2019) Table A1,median,198.0,,8630.0,912.01,5.11,3.25,0.6360078277886496,330.49812156050257
Harris,NGC 6352,0.005740926826652987,below-threshold,0.0,0.0,,Askar et al. (2019) Table A1,median,1960.0,,33100.0,831.76,3.34,1.35,0.4041916167664671,2967.119652909749
Harris,NGC 6235,0.005738985329513788,below-threshold,0.0,0.0,,Askar et al. (2019) Table A1,median,818.0,,28100.0,776.25,3.35,1.1,0.3283582089552239,2503.8984183559814
Harris,Pal 12,0.0057387766159458075,below-threshold,0.0,0.0,,Askar et al. (2019) Table A1,median,753.0,,5250.0,1905.46,9.51,0.11,0.01156677181913775,58.04947141809883
Harris,Terzan 1,0.0057358132681807235,below-threshold,0.0,0.0,,Askar et al. (2019) Table A1,median,3.35,,4970.0,1318.26,7.44,0.08,0.01075268817204301,89.7863914903457
Harris,Terzan 2,0.005734968124946949,below-threshold,0.0,0.0,,Askar et al. (2019) Table A1,median,49.8,,19200.0,660.69,3.32,0.07,0.021084337349397592,1741.9073885905068
Baumgardt & Hilker,NGC 4372,0.9228579806706686,robust,1.0,1.0,,Askar et al. (2019) Table A2,half_mass,567.0,5.0,132000.0,5888.44,6.34,4.82,0.7602523659305994,3283.9415259381626
Baumgardt & Hilker,NGC 6723,0.9225424611199055,robust,1.0,1.0,,Askar et al. (2019) Table A2,half_mass,2090.0,4.36,88500.0,1348.96,3.5,1.68,0.48,7224.489795918367
Baumgardt & Hilker,NGC 6712,0.9216128181334322,robust,1.0,1.0,,Askar et al. (2019) Table A2,half_mass,3260.0,4.76,90000.0,1047.13,2.87,1.23,0.42857142857142855,10926.440772620766
Baumgardt & Hilker,NGC 6205,0.9169378770834311,robust,1.0,1.0,,Askar et al. (2019) Table A2,half_mass,4500.0,8.09,174000.0,2290.87,3.08,1.58,0.512987012987013,18342.047562826785
Baumgardt & Hilker,NGC 6569,0.9062509461965245,robust,1.0,1.0,,Askar et al. (2019) Table A2,half_mass,5410.0,5.76,153000.0,1949.84,2.94,1.21,0.41156462585034015,17700.957934194088
Baumgardt & Hilker,NGC 6144,0.904591301924108,robust,0.0,1.0,,Askar et al. (2019) Table A2,half_mass,754.0,1.55,85700.0,1737.8,5.87,2.72,0.46337308347529815,2487.165125127333
Baumgardt & Hilker,NGC 6779,0.8874098963233652,robust,1.0,1.0,,Askar et al. (2019) Table A2,half_mass,3170.0,5.06,178000.0,3090.29,4.38,1.71,0.3904109589041096,9278.37201059194
Baumgardt & Hilker,NGC 6934,0.8859195666306362,robust,0.0,0.0,,Askar et al. (2019) Table A2,half_mass,2480.0,3.42,66500.0,1479.11,2.63,1.12,0.4258555133079848,9614.133499110874
Baumgardt & Hilker,IC 4499,0.8757814186445426,robust,1.0,1.0,,Askar et al. (2019) Table A2,half_mass,181.0,3.12,74200.0,11481.55,9.83,5.3,0.5391658189216684,767.8862120959672
Baumgardt & Hilker,NGC 6656,0.8739610979419896,robust,0.0,1.0,,Askar et al. (2019) Table A2,half_mass,6080.0,8.69,193000.0,2691.54,3.23,1.26,0.39009287925696595,18499.17089208178
Baumgardt & Hilker,NGC 5986,0.8715731994889797,robust,0.0,1.0,,Askar et al. (2019) Table A2,half_mass,5770.0,7.4,123000.0,1318.26,2.44,1.09,0.4467213114754099,20659.768879333515
Baumgardt & Hilker,NGC 6218,0.8549544907061396,robust,0.0,0.0,,Askar et al. (2019) Table A2,half_mass,5490.0,4.17,68000.0,812.83,2.81,0.71,0.25266903914590744,8611.84635452945
Baumgardt & Hilker,Ter 1,0.8210408756073116,robust,0.0,0.0,,Askar et al. (2019) Table A2,half_mass,6950.0,7.1,69300.0,977.24,2.28,0.6,0.2631578947368421,13331.024930747924
Baumgardt & Hilker,NGC 6809,0.7404041679462129,plausible,1.0,1.0,,Askar et al. (2019) Table A2,half_mass,730.0,3.91,79000.0,3235.94,4.7,2.93,0.6234042553191489,3576.278859212313
Baumgardt & Hilker,Pal 11,0.7300615759065671,plausible,1.0,1.0,,Askar et al. (2019) Table A2,half_mass,261.0,3.21,65500.0,4365.16,6.63,5.08,0.7662141779788839,1490.095980380782
Baumgardt & Hilker,NGC 4833,0.7190317718344872,plausible,1.0,1.0,,Askar et al. (2019) Table A2,half_mass,2760.0,4.82,296000.0,4168.69,6.61,2.36,0.35703479576399394,6774.680090908882
Baumgardt & Hilker,NGC 6254,0.7088949873309195,plausible,0.0,1.0,,Askar et al. (2019) Table A2,half_mass,5550.0,5.6,94800.0,1412.54,2.78,0.8,0.2877697841726619,12266.445836136847
Baumgardt & Hilker,NGC 6121,0.686235730830375,plausible,0.0,0.0,,Askar et al. (2019) Table A2,half_mass,4440.0,4.65,56400.0,954.99,2.82,0.67,0.23758865248226954,7092.198581560285
Baumgardt & Hilker,NGC 3201,0.6792387289225416,plausible,1.0,1.0,,Askar et al. (2019) Table A2,half_mass,993.0,3.85,71100.0,2691.54,3.77,1.92,0.5092838196286472,5002.497730934574
Baumgardt & Hilker,NGC 6362,0.674774869094619,plausible,0.0,1.0,,Askar et al. (2019) Table A2,half_mass,461.00000000000006,4.19,56700.0,3311.31,5.75,2.87,0.4991304347826087,1714.9338374291115
Baumgardt & Hilker,NGC 5904,0.6108288079793326,plausible,0.0,1.0,,Askar et al. (2019) Table A2,half_mass,8510.0,7.09,244000.0,2570.39,3.61,1.19,0.3296398891966759,18722.99936311109
Baumgardt & Hilker,NGC 5897,0.5648247270335734,plausible,0.0,1.0,,Askar et al. (2019) Table A2,half_mass,184.0,3.09,66600.0,8317.64,8.02,5.85,0.729426433915212,1035.4413218823267
Baumgardt & Hilker,NGC 6760,0.5588564543681104,plausible,0.0,0.0,,Askar et al. (2019) Table A2,half_mass,7590.0,5.55,111000.0,1737.8,2.82,0.75,0.26595744680851063,13958.050399879283
Baumgardt & Hilker,NGC 6681,0.5555234878633637,plausible,0.0,0.0,,Askar et al. (2019) Table A2,half_mass,52600.0,8.18,56800.0,537.03,2.08,0.1,0.04807692307692308,13128.698224852069
Baumgardt & Hilker,NGC 5927,0.49737285758453487,plausible,1.0,1.0,,Askar et al. (2019) Table A2,half_mass,2930.0,5.78,135000.0,3019.95,4.54,1.45,0.31938325991189426,6549.7098721108505
Baumgardt & Hilker,NGC 5139,0.494,exploratory,0.0,1.0,,Askar et al. (2019) Table A2,half_mass,5720.0,17.63,1220000.0,24547.11,7.04,4.22,0.5994318181818181,24615.831611570247
Baumgardt & Hilker,NGC 288,0.494,exploratory,1.0,1.0,,Askar et al. (2019) Table A2,half_mass,200.0,3.72,49000.0,3801.89,6.99,4.78,0.6838340486409156,1002.8632769887904
Baumgardt & Hilker,Ter 5,0.494,exploratory,0.0,0.0,,Askar et al. (2019) Table A2,half_mass,326000.0,18.0,430999.99999999994,363.08,1.12,0.19,0.16964285714285712,343590.5612244897
Baumgardt & Hilker,NGC 7078,0.494,exploratory,1.0,1.0,,Askar et al. (2019) Table A2,half_mass,2.45,14.0,394000.0,1513.56,1.9,0.08,0.04210526315789474,109141.27423822715
Baumgardt & Hilker,NGC 6749,0.4505901062587514,exploratory,0.0,0.0,,Askar et al. (2019) Table A2,half_mass,1200.0,2.64,39200.0,954.99,3.38,1.28,0.37869822485207105,3431.2524071286025
Baumgardt & Hilker,NGC 6496,0.40602090133170216,exploratory,0.0,0.0,,Askar et al. (2019) Table A2,half_mass,298.0,3.32,38000.0,2951.21,5.05,3.07,0.6079207920792079,1490.04999509852
Baumgardt & Hilker,NGC 6402,0.3958670366082112,exploratory,1.0,1.0,,Askar et al. (2019) Table A2,half_mass,5460.0,9.87,352000.0,3981.08,3.57,2.28,0.6386554621848739,27618.890693532318
Baumgardt & Hilker,NGC 6441,0.3616582281373395,exploratory,0.0,0.0,,Askar et al. (2019) Table A2,half_mass,109000.0,14.3,600000.0,2238.72,2.03,0.42,0.20689655172413796,145599.26229707108
Baumgardt & Hilker,NGC 6558,0.35758221919452693,exploratory,0.0,0.0,,Askar et al. (2019) Table A2,half_mass,12000.0,2.74,27799.999999999996,181.97,1.77,0.24,0.13559322033898305,8873.567621053973
Baumgardt & Hilker,NGC 2298,0.3574122068798585,exploratory,0.0,0.0,,Askar et al. (2019) Table A2,half_mass,1610.0,1.46,25200.0,301.99,2.96,0.78,0.26351351351351354,2876.1869978086197
Baumgardt & Hilker,NGC 6440,0.3438306707891187,below-threshold,0.0,0.0,,Askar et al. (2019) Table A2,half_mass,196000.0,11.66,217000.0,416.87,1.25,0.15,0.12,138880.0
Baumgardt & Hilker,NGC 6388,0.31187691284871055,below-threshold,0.0,1.0,,Askar et al. (2019) Table A2,half_mass,133000.0,19.06,549000.0,1905.46,1.96,0.35,0.17857142857142858,142909.2044981258
Baumgardt & Hilker,NGC 6266,0.26127625830362533,below-threshold,1.0,0.0,,Askar et al. (2019) Table A2,half_mass,55199.99999999999,16.27,276000.0,1348.96,1.83,0.38,0.2076502732240437,82415.12138314072
Baumgardt & Hilker,NGC 2808,0.25992864436846586,below-threshold,0.0,0.0,,Askar et al. (2019) Table A2,half_mass,42200.0,14.05,451999.99999999994,1621.81,2.06,0.68,0.3300970873786408,106513.33773211423
Baumgardt & Hilker,Lil 1,0.23442894833094755,below-threshold,0.0,0.0,,Askar et al. (2019) Table A2,half_mass,10500000.0,20.03,451999.99999999994,371.53,1.05,0.02,0.019047619047619046,409977.32426303846
Baumgardt & Hilker,NGC 6139,0.23326924663826454,below-threshold,0.0,0.0,,Askar et al. (2019) Table A2,half_mass,31000.0,6.73,189000.0,1905.46,2.62,0.41,0.1564885496183206,27533.360526775825
Baumgardt & Hilker,NGC 6304,0.18270993654629564,below-threshold,0.0,1.0,,Askar et al. (2019) Table A2,half_mass,5800.0,5.52,202000.0,3090.29,4.45,1.02,0.2292134831460674,10200.732230778942
Baumgardt & Hilker,Ter 6,0.18230853674432668,below-threshold,0.0,0.0,,Askar et al. (2019) Table A2,half_mass,823000.0,5.87,102000.0,288.4,1.49,0.05,0.03355704697986577,45943.87640196388
Baumgardt & Hilker,NGC 6541,0.16206643758445533,below-threshold,0.0,0.0,,Askar et al. (2019) Table A2,half_mass,106000.0,5.71,194000.0,1513.56,2.61,0.21,0.08045977011494253,28478.73636617196
Baumgardt & Hilker,NGC 6356,0.14857344837214195,below-threshold,0.0,1.0,,Askar et al. (2019) Table A2,half_mass,8140.000000000001,4.84,246000.0,3467.37,3.71,1.14,0.307277628032345,17872.581570898208
Baumgardt & Hilker,NGC 5272,0.13120084125522788,below-threshold,0.0,1.0,,Askar et al. (2019) Table A2,half_mass,10400.0,7.07,252999.99999999997,2951.21,3.36,1.04,0.30952380952380953,22410.005668934242
Baumgardt & Hilker,NGC 6284,0.11779369036927465,below-threshold,0.0,0.0,,Askar et al. (2019) Table A2,half_mass,8430.0,6.08,161000.0,4677.35,3.91,0.63,0.16112531969309463,10531.06664660749
Baumgardt & Hilker,NGC 4590,0.10199187800598998,below-threshold,0.0,0.0,,Askar et al. (2019) Table A2,half_mass,785.0,3.24,60900.0,3548.14,4.51,1.99,0.4412416851441242,2994.0855748005174
Baumgardt & Hilker,NGC 6093,0.10190381416368859,below-threshold,0.0,0.0,,Askar et al. (2019) Table A2,half_mass,84100.0,9.92,174000.0,870.96,1.82,0.19,0.1043956043956044,52529.88769472286
Baumgardt & Hilker,NGC 6539,0.09992681177273101,below-threshold,0.0,0.0,,Askar et al. (2019) Table A2,half_mass,6300.0,6.16,161000.0,3162.28,4.04,0.91,0.22524752475247525,9864.22899715714
Baumgardt & Hilker,NGC 6273,0.09913734322121617,below-threshold,0.0,1.0,,Askar et al. (2019) Table A2,half_mass,12900.0,10.28,325000.0,3388.44,3.13,1.11,0.354632587859425,33173.759046228915
Baumgardt & Hilker,NGC 5286,0.09670672486431227,below-threshold,0.0,1.0,,Askar et al. (2019) Table A2,half_mass,18200.0,8.61,284000.0,1995.26,2.64,0.77,0.2916666666666667,40748.39302112029
Baumgardt & Hilker,NGC 362,0.09298137290433563,below-threshold,0.0,0.0,,Askar et al. (2019) Table A2,half_mass,23600.0,8.36,209000.0,1995.26,2.32,0.47,0.20258620689655174,38830.26159334126
Baumgardt & Hilker,NGC 6624,0.09140359203741212,below-threshold,0.0,0.0,,Askar et al. (2019) Table A2,half_mass,42800.0,7.3,71700.0,251.19,1.49,0.19,0.12751677852348994,32295.842529615784
Baumgardt & Hilker,NGC 6316,0.09069738957579435,below-threshold,0.0,0.0,,Askar et al. (2019) Table A2,half_mass,16100.000000000002,7.06,179000.0,2089.29,2.72,0.59,0.21691176470588233,24194.420415224908
Baumgardt & Hilker,NGC 6355,0.08935967740713349,below-threshold,0.0,0.0,,Askar et al. (2019) Table A2,half_mass,28000.0,3.74,126000.0,1230.27,2.65,0.33,0.12452830188679247,17942.32823068708
Baumgardt & Hilker,NGC 6864,0.08769390941245296,below-threshold,0.0,0.0,,Askar et al. (2019) Table A2,half_mass,22500.0,7.53,199000.0,2041.74,2.46,0.56,0.22764227642276424,32883.86542402009
Baumgardt & Hilker,NGC 6553,0.08495274665631342,below-threshold,0.0,0.0,,Askar et al. (2019) Table A2,half_mass,9770.0,7.48,74800.0,660.69,1.94,0.56,0.288659793814433,19874.58816027208
Baumgardt & Hilker,NGC 104,0.08479528907851616,below-threshold,0.0,0.0,,Askar et al. (2019) Table A2,half_mass,55800.0,13.78,440000.00000000006,3388.44,3.56,0.49,0.13764044943820225,34717.838656735265
Baumgardt & Hilker,NGC 6522,0.084793820271703,below-threshold,0.0,0.0,,Askar et al. (2019) Table A2,half_mass,35500.0,6.09,118000.0,5623.41,4.34,0.15,0.03456221198156682,6264.732740130392
Baumgardt & Hilker,NGC 6642,0.08457825742830645,below-threshold,0.0,0.0,,Askar et al. (2019) Table A2,half_mass,51200.0,2.94,49200.0,234.42,1.5,0.13,0.08666666666666667,21866.666666666668
Baumgardt & Hilker,NGC 6341,0.08402964174188467,below-threshold,0.0,0.0,,Askar et al. (2019) Table A2,half_mass,23600.0,7.6,148000.0,1737.8,2.28,0.61,0.2675438596491228,28470.298553401048
Baumgardt & Hilker,NGC 6626,0.08384400680321984,below-threshold,0.0,0.0,,Askar et al. (2019) Table A2,half_mass,371000.0,9.14,168000.0,776.25,1.76,0.13,0.07386363636363637,54235.53719008264
Baumgardt & Hilker,NGC 6715,0.08164620580371477,below-threshold,0.0,0.0,,Askar et al. (2019) Table A2,half_mass,85200.0,16.08,691000.0,5888.44,3.2,0.54,0.16875,67480.46874999999
Baumgardt & Hilker,NGC 6544,0.08099888490839847,below-threshold,0.0,0.0,,Askar et al. (2019) Table A2,half_mass,96800.0,3.09,33700.0,181.97,1.38,0.08,0.05797101449275363,17695.86221382063
Baumgardt & Hilker,NGC 6752,0.08080253368417618,below-threshold,0.0,0.0,,Askar et al. (2019) Table A2,half_mass,43000.0,7.79,110000.0,1445.44,2.4,0.19,0.07916666666666668,19097.222222222223
Baumgardt & Hilker,NGC 6528,0.08051696863075752,below-threshold,0.0,0.0,,Askar et al. (2019) Table A2,half_mass,35200.0,4.58,39700.0,467.74,1.97,0.12,0.06091370558375634,10229.58592079157
Baumgardt & Hilker,NGC 6293,0.08035854560307638,below-threshold,0.0,0.0,,Askar et al. (2019) Table A2,half_mass,64200.0,7.13,113000.0,1479.11,2.76,0.12,0.043478260869565216,14834.068473009875
Baumgardt & Hilker,NGC 7089,0.07987474539967648,below-threshold,0.0,0.0,,Askar et al. (2019) Table A2,half_mass,22400.000000000004,12.35,359000.0,2754.23,3.0,0.77,0.25666666666666665,39888.88888888889
Baumgardt & Hilker,NGC 6342,0.07907482632597107,below-threshold,0.0,0.0,,Askar et al. (2019) Table A2,half_mass,39900.0,3.3,16400.0,354.81,2.12,0.06,0.028301886792452827,3648.985404058383
Baumgardt & Hilker,NGC 1851,0.07896386782063493,below-threshold,0.0,0.0,,Askar et al. (2019) Table A2,half_mass,157000.0,9.09,150000.0,1047.13,1.65,0.15,0.09090909090909091,55096.418732782375
Baumgardt & Hilker,NGC 6397,0.0788324649062267,below-threshold,0.0,0.0,,Askar et al. (2019) Table A2,half_mass,36400.0,5.23,40800.0,912.01,2.19,0.08,0.03652968036529681,8506.911865891036
Baumgardt & Hilker,NGC 6535,0.07875954857772567,below-threshold,0.0,0.0,,Askar et al. (2019) Table A2,half_mass,2430.0,2.02,3320.0,218.78,2.08,0.14,0.06730769230769232,767.3816568047337
Baumgardt & Hilker,NGC 7099,0.07862099776122543,below-threshold,0.0,0.0,,Askar et al. (2019) Table A2,half_mass,66500.0,4.59,71900.0,1819.7,2.44,0.06,0.02459016393442623,12076.726686374632
Baumgardt & Hilker,NGC 6256,0.07855340835845122,below-threshold,0.0,0.0,,Askar et al. (2019) Table A2,half_mass,36300.0,3.96,32300.0,933.25,2.97,0.06,0.0202020202020202,3661.7578705120786
Baumgardt & Hilker,NGC 6171,0.0781894213589274,below-threshold,0.0,0.0,,Askar et al. (2019) Table A2,half_mass,2220.0,3.61,40199.99999999999,891.25,3.11,0.87,0.27974276527331193,4156.2845710859065
Baumgardt & Hilker,Pal 12,0.07812261464698998,below-threshold,0.0,0.0,,Askar et al. (2019) Table A2,half_mass,20.5,0.86,4050.0,1513.56,6.98,3.7,0.5300859598853868,83.12739632679533
Baumgardt & Hilker,HP 1,0.07799457293888727,below-threshold,0.0,0.0,,Askar et al. (2019) Table A2,half_mass,6130.0,5.08,22000.0,912.01,2.56,0.29,0.11328124999999999,3356.93359375
Baumgardt & Hilker,NGC 6352,0.07791958217112482,below-threshold,0.0,0.0,,Askar et al. (2019) Table A2,half_mass,2840.0,3.8,38000.0,1174.9,3.24,0.62,0.19135802469135801,3619.875019051973
Baumgardt & Hilker,IC 1276,0.0777483698153287,below-threshold,0.0,0.0,,Askar et al. (2019) Table A2,half_mass,1290.0,3.07,27400.000000000004,954.99,3.28,0.92,0.2804878048780488,2546.8471148126123
Baumgardt & Hilker,NGC 6366,0.07771129282599766,below-threshold,0.0,0.0,,Askar et al. (2019) Table A2,half_mass,626.0,3.29,20200.0,776.25,3.33,1.35,0.40540540540540543,1821.6414612811009
Baumgardt & Hilker,E 3,0.0775659467394248,below-threshold,0.0,0.0,,Askar et al. (2019) Table A2,half_mass,31.1,1.56,3790.0,1819.7,5.45,2.77,0.5082568807339449,127.5986869792105
Baumgardt & Hilker,Ton 2,0.07756071828226851,below-threshold,0.0,0.0,,Askar et al. (2019) Table A2,half_mass,462.0,2.73,15100.0,1548.82,4.46,0.95,0.21300448430493274,759.1144000482616
Baumgardt & Hilker,Ter 3,0.07755192398482581,below-threshold,0.0,0.0,,Askar et al. (2019) Table A2,half_mass,71.39999999999999,2.25,7090.0,2238.72,5.27,2.39,0.4535104364326376,255.2848280157996
Holger Baumgardt,FSR_1758,0.9243332515055299,robust,,,,,,625.4329650021731,5.2,201229.50819672132,12302.687708123813,12.51,10.12,0.8089528377298161,1285.8107323683582
Holger Baumgardt,NGC_5897,0.9225041985435088,robust,,,,,,897.1772319441862,3.6,70464.13502109704,6165.95001861481,7.62,5.0,0.6561679790026247,1213.551419132843
Holger Baumgardt,NGC_6101,0.9221168140625282,robust,,,,,,727.0783474582493,3.3,69600.0,9120.108393559114,9.59,5.52,0.5755995828988529,756.7841458070789
Holger Baumgardt,Gran_2,0.9219772281592064,robust,,,,,,920.8528414032164,1.6,23333.333333333332,3467.3685045253096,8.78,2.84,0.3234624145785877,302.6828074435756
Holger Baumgardt,NGC_2419,0.9204032051379186,robust,,,,,,2236.347873049711,5.1,486335.403726708,42657.95188015934,19.76,8.32,0.42105263157894735,1245.552407551314
Holger Baumgardt,IC_4499,0.9193150177708888,robust,,,,,,857.3174793312663,2.9,67873.30316742082,9332.543007969925,10.26,5.02,0.48927875243664715,644.7691708314886
Holger Baumgardt,NGC_5466,0.9178997385653889,robust,,,,,,349.7268599165332,1.9,41555.555555555555,5623.413251903491,9.55,6.15,0.643979057591623,455.64053129635204
Holger Baumgardt,RLGC_1,0.912772715365825,robust,,,,,,7342.093309310868,4.5,158333.33333333334,7585.775750291851,8.01,2.62,0.32709113607990015,2467.7850148820426
Holger Baumgardt,NGC_4372,0.8839293149922743,robust,,,,,,2410.960166582967,4.4,95454.54545454546,4265.795188015934,5.77,3.55,0.6152512998266898,2867.1141731283687
Holger Baumgardt,NGC_6723,0.8720588922080391,robust,,,,,,12780.413471896596,5.9,87946.42857142857,1698.243652461746,3.64,1.48,0.4065934065934066,6637.666689668258
Holger Baumgardt,Ter_8,0.8521779615803678,robust,,,,,,109.44107813207555,1.8,34657.53424657534,12589.254117941662,15.17,10.04,0.6618325642715887,150.60052973170838
Holger Baumgardt,Lynga_7,0.8323952331516412,robust,,,,,,8745.54593216411,3.4,47872.34042553192,933.2543007969924,3.91,1.32,0.3375959079283887,3131.346630747569
Holger Baumgardt,NGC_6218,0.8045467738811068,robust,,,,,,13267.16743085904,4.7,56084.65608465609,851.1380382023759,2.72,1.16,0.42647058823529405,7580.646637740063
Holger Baumgardt,NGC_6401,0.803724014834708,robust,,,,,,162397.52508027508,6.0,66120.21857923498,630.9573444801944,2.31,0.36,0.15584415584415584,12391.113093689206
Holger Baumgardt,NGC_6362,0.7894615380820852,plausible,,,,,,2559.7284187901487,3.7,67630.05780346821,2454.708915685034,5.13,2.9,0.5653021442495126,2569.833749547561
Holger Baumgardt,NGC_6981,0.7775919161360296,plausible,,,,,,3686.1282616871035,3.5,51069.1823899371,1348.962882591656,4.14,2.1,0.5072463768115942,2979.60176374811
Holger Baumgardt,Ter_3,0.7574071600028058,plausible,,,,,,1306.2240739002318,2.1,23049.645390070924,954.992586021437,4.7,2.37,0.5042553191489362,1043.4425255803947
Holger Baumgardt,NGC_3201,0.7408422926546574,plausible,,,,,,8607.786689410797,4.5,74517.37451737453,4570.881896148752,5.17,1.66,0.32108317214700194,2787.8952937597332
Holger Baumgardt,NGC_6809,0.7139538779425985,plausible,,,,,,4816.131811868377,5.0,93809.5238095238,3162.2776601683795,4.6,2.49,0.541304347826087,4433.342335043659
Holger Baumgardt,NGC_6287,0.6996893226780992,plausible,,,,,,160358.86813264506,6.8,51587.30158730159,512.8613839913659,1.94,0.32,0.16494845360824742,13706.903386996915
Holger Baumgardt,NGC_5053,0.6980722360727395,plausible,,,,,,109.3403261982233,1.8,29074.074074074073,7762.471166286928,12.4,9.2,0.7419354838709676,189.08737040891043
Holger Baumgardt,Ter_9,0.6742879363337512,plausible,,,,,,151561.38577816315,7.3,37329.70027247957,467.73514128719813,1.67,0.28,0.16766467065868265,13385.098165039824
Holger Baumgardt,Whiting_1,0.6720836851052394,plausible,,,,,,362.89090091986094,0.3,4029.411764705882,1659.5869074375632,9.42,1.88,0.19957537154989383,45.408781116947296
Holger Baumgardt,NGC_6397,0.6483988492877806,plausible,,,,,,942394.8915472963,5.4,58028.16901408451,512.8613839913659,2.17,0.14,0.06451612903225808,12323.083738045936
Holger Baumgardt,FSR_1735,0.6481594031788035,plausible,,,,,,57589.5670922205,5.8,48921.56862745098,363.0780547701018,2.08,0.52,0.25,11307.685056271028
Holger Baumgardt,NGC_6440,0.6456436867596771,plausible,,,,,,730937.7140977884,14.0,314364.6408839779,1023.2929922807537,1.32,0.37,0.2803030303030303,180420.47800962915
Holger Baumgardt,NGC_5946,0.6428985739389566,plausible,,,,,,137559.8695832872,6.2,59162.30366492147,478.630092322638,1.96,0.37,0.18877551020408162,15400.433065629288
Holger Baumgardt,NGC_288,0.6403107414505259,plausible,,,,,,1125.994155207967,3.1,43333.33333333333,3090.2954325135925,5.84,3.5,0.5993150684931507,1270.5635829111154
Holger Baumgardt,NGC_4590,0.6337796823741636,plausible,,,,,,6231.2102374016995,4.0,67724.86772486773,3019.951720402019,4.44,1.86,0.4189189189189189,3435.438870874306
Holger Baumgardt,NGC_6121,0.6286416345288363,plausible,,,,,,86121.10351220255,4.7,54787.87878787879,870.9635899560797,2.5,0.45,0.18,8766.060606060606
Holger Baumgardt,NGC_6522,0.6198058470644142,plausible,,,,,,182053.72920931136,8.2,86991.86991869919,707.9457843841373,2.48,0.39,0.15725806451612903,14144.09955754084
Holger Baumgardt,NGC_6569,0.6180717569860895,plausible,,,,,,42407.81166559409,7.6,105529.95391705069,891.2509381337442,2.6,0.89,0.3423076923076923,15610.939928557793
Holger Baumgardt,NGC_6637,0.597856027516823,plausible,,,,,,88366.58497911497,6.3,90196.07843137255,602.559586074357,2.41,0.57,0.23651452282157673,15529.360450297436
Holger Baumgardt,NGC_6544,0.595615384256966,plausible,,,,,,281981.04047803197,6.3,35434.782608695656,245.47089156850336,1.54,0.2,0.12987012987012989,14941.298114646508
Holger Baumgardt,NGC_6426,0.5923309033797131,plausible,,,,,,1669.817021241248,2.8,36009.852216748775,2511.886431509582,5.2,2.62,0.5038461538461538,1331.7253038738452
Holger Baumgardt,NGC_6539,0.5669653741245443,plausible,,,,,,17980.127230520593,6.0,109137.05583756346,1819.7008586099826,3.69,1.39,0.37669376693766937,8015.294822861426
Holger Baumgardt,NGC_6681,0.5477617777103069,plausible,,,,,,4060075.078874881,6.5,62500.0,512.8613839913659,2.16,0.07,0.032407407407407406,13395.919067215362
Holger Baumgardt,Gran_3,0.5382621175766232,plausible,,,,,,438.5095476276924,1.7,19166.666666666668,2511.886431509582,7.04,3.73,0.5298295454545454,386.7241305096419
Holger Baumgardt,NGC_6712,0.5352561410935377,plausible,,,,,,43181.67941500892,4.9,60897.4358974359,660.6934480075965,2.55,0.67,0.2627450980392157,9365.234278729089
Holger Baumgardt,Pal_10,0.5141653095926839,plausible,,,,,,5518.009095223538,3.9,86206.89655172414,2454.708915685034,4.03,2.23,0.5533498759305211,5308.0122746722245
Holger Baumgardt,NGC_4833,0.5101241537914082,plausible,,,,,,23380.61750946097,6.0,118471.33757961783,1412.5375446227556,3.26,1.27,0.3895705521472393,11147.515674246099
Holger Baumgardt,Pal_15,0.21878428880315,below-threshold,,,,,,20.93379432367591,1.3,14502.762430939227,14454.39770745928,20.01,14.85,0.7421289355322338,36.22067634583314
Holger Baumgardt,Sagittarius_II,0.15270243561502583,below-threshold,,,,,,9.460629626005186,0.8,12551.440329218107,21379.620895022323,29.04,20.55,0.7076446280991736,14.883337897687083
Holger Baumgardt,Pyxis,0.14077934335640727,below-threshold,,,,,,23.47463437157765,1.1,13360.995850622407,9772.37220955811,17.05,13.46,0.7894428152492668,45.96106277249905
Holger Baumgardt,Liller_1,0.1407159174109944,below-threshold,,,,,,3296552.490111446,19.6,335548.1727574751,891.2509381337442,1.3,0.18,0.13846153846153844,198549.21464939354
Holger Baumgardt,NGC_6266,0.13586124302128494,below-threshold,,,,,,1626043.380426275,14.8,270232.5581395349,1174.8975549395304,1.74,0.23,0.13218390804597702,89256.36085993357
Holger Baumgardt,Pal_3,0.1308698516358254,below-threshold,,,,,,17.508705860484156,0.8,12758.620689655172,9332.543007969925,20.16,15.23,0.7554563492063492,31.392266357373085
Holger Baumgardt,NGC_5139,0.12515126840950974,below-threshold,,,,,,24224.309502513628,18.0,1407142.8571428573,20892.96130854041,7.56,4.3,0.5687830687830688,24620.37137018241
Holger Baumgardt,NGC_6139,0.11587111440432343,below-threshold,,,,,,708661.6738981857,11.7,187234.0425531915,630.9573444801944,1.85,0.29,0.15675675675675674,54706.80571313119
Holger Baumgardt,NGC_5986,0.11399809338070058,below-threshold,,,,,,98947.01075394767,8.0,174853.80116959065,1737.8008287493763,2.84,0.75,0.26408450704225356,21678.957693115284
Holger Baumgardt,NGC_7078,0.11375558746985488,below-threshold,,,,,,35504849.492507234,13.1,401550.38759689924,1621.8100973589333,2.03,0.06,0.02955665024630542,97442.40034868581
Holger Baumgardt,BH_140,0.10567642481287692,below-threshold,,,,,,330.1955501753095,2.3,24000.0,3019.951720402019,6.22,4.81,0.7733118971061093,620.3409807590907
Holger Baumgardt,Crater,0.1052717237464305,below-threshold,,,,,,16.000899174653664,0.6,9379.84496124031,8511.380382023759,19.56,13.66,0.6983640081799591,24.516471162194847
Holger Baumgardt,NGC_6864,0.10463400909998641,below-threshold,,,,,,423975.96598528745,12.3,223902.43902439027,1000.0,2.05,0.41,0.2,53278.39120152059
Holger Baumgardt,NGC_5286,0.10307694399692052,below-threshold,,,,,,317578.1083256912,10.7,239548.02259887004,1412.5375446227556,2.37,0.49,0.20675105485232068,42647.7278568018
Holger Baumgardt,NGC_1851,0.10192142458221727,below-threshold,,,,,,3105408.776544841,10.3,191216.2162162162,1000.0,1.75,0.14,0.08,62437.94815223387
Holger Baumgardt,NGC_6356,0.10187080032797315,below-threshold,,,,,,29663.059944743185,8.1,218146.71814671817,6025.595860743569,3.99,1.53,0.38345864661654133,13702.597229082616
Holger Baumgardt,Pal_14,0.10162192460868238,below-threshold,,,,,,14.217662713265224,0.7,11235.29411764706,15488.166189124797,27.63,15.86,0.5740137531668477,14.717114747717872
Holger Baumgardt,NGC_2808,0.10093314687600695,below-threshold,,,,,,333183.95947980974,13.8,573188.4057971014,2041.7379446695315,2.45,0.74,0.30204081632653057,95491.61279418597
Holger Baumgardt,Ter_5,0.10032107034747152,below-threshold,,,,,,262002.23970483913,15.6,369491.5254237288,2691.534803926914,1.77,0.67,0.3785310734463277,117939.1379947425
Holger Baumgardt,Pal_5,0.10017896626307714,below-threshold,,,,,,10.90511068632423,0.7,8072.289156626506,7943.282347242822,20.42,15.35,0.7517140058765915,19.359103192954098
Holger Baumgardt,Arp_2,0.09826758707116522,below-threshold,,,,,,93.93107341309357,1.3,20476.190476190477,7079.457843841374,14.21,8.33,0.5862068965517241,101.40538190434165
Holger Baumgardt,NGC_362,0.09825929942563358,below-threshold,,,,,,338925.142468544,8.6,196875.0,1023.2929922807537,2.21,0.43,0.19457013574660634,40309.37122499539
Holger Baumgardt,NGC_5024,0.09615925500441062,below-threshold,,,,,,23433.438534828707,6.8,257435.89743589744,8511.380382023759,6.46,1.87,0.2894736842105263,6168.84800572941
Holger Baumgardt,Pal_4,0.09581111320760272,below-threshold,,,,,,50.05361294188963,0.8,18888.888888888887,5011.872336272714,15.88,10.96,0.6901763224181361,74.90406991704505
Holger Baumgardt,NGC_6342,0.09088308989966909,below-threshold,,,,,,254745.21215804244,4.6,23128.83435582822,120.22644346174131,1.48,0.17,0.11486486486486487,10559.182960111497
Holger Baumgardt,Rup_106,0.09076325629593703,below-threshold,,,,,,309.9659492621842,1.6,24637.68115942029,3019.951720402019,7.62,5.03,0.6601049868766404,424.3164686007311
Holger Baumgardt,NGC_6558,0.09018972526030436,below-threshold,,,,,,348664.8972021924,4.1,24645.66929133858,123.02687708123811,1.54,0.15,0.0974025974025974,10392.000881826018
Holger Baumgardt,AM_1,0.08828339681582001,below-threshold,,,,,,156.9697322116735,0.9,23614.457831325304,5623.413251903491,14.79,6.92,0.46788370520622047,107.95471892190604
Holger Baumgardt,NGC_6656,0.08809822708813315,below-threshold,,,,,,95638.17308985406,9.1,232673.26732673266,3090.2954325135925,3.18,0.88,0.27672955974842767,23008.708845252626
Holger Baumgardt,NGC_6642,0.08794284572414675,below-threshold,,,,,,742221.9896257222,5.0,28214.285714285717,109.64781961431828,1.37,0.11,0.08029197080291971,15032.38622957308
Holger Baumgardt,NGC_6652,0.08736851969385623,below-threshold,,,,,,294431.4255810443,4.8,26732.02614379085,125.89254117941661,1.46,0.17,0.11643835616438357,12540.82667657668
Holger Baumgardt,NGC_6304,0.08728546221051257,below-threshold,,,,,,167096.913377727,5.7,79844.96124031008,467.73514128719813,1.83,0.39,0.21311475409836064,23842.145552363483
Holger Baumgardt,Ter_12,0.0870981235223704,below-threshold,,,,,,17280.367598960627,3.3,23647.798742138362,257.03957827688646,1.78,0.66,0.3707865168539326,7463.640557422788
Holger Baumgardt,NGC_6441,0.086776470385969,below-threshold,,,,,,580753.7668476313,17.6,747311.8279569892,3162.2776601683795,2.14,0.64,0.29906542056074764,163182.77315857043
Holger Baumgardt,Pal_2,0.0863984277815394,below-threshold,,,,,,19691.722163855247,5.0,174603.17460317462,4073.802778041122,4.82,1.68,0.34854771784232363,7515.503116474174
Holger Baumgardt,NGC_6638,0.08542937357016397,below-threshold,,,,,,109815.77715119203,7.0,79487.17948717948,309.0295432513592,1.84,0.48,0.2608695652173913,23478.018515825697
Holger Baumgardt,NGC_6388,0.08534266889799126,below-threshold,,,,,,786884.7201478825,16.3,569565.2173913044,4365.158322401666,2.61,0.48,0.1839080459770115,83610.81272901228
Holger Baumgardt,Eridanus,0.08482413521868262,below-threshold,,,,,,46.90625060411257,0.7,12554.054054054055,3715.352290971728,13.64,9.23,0.6766862170087976,67.4769204236615
Holger Baumgardt,NGC_1261,0.08479629872075803,below-threshold,,,,,,32246.252863098623,5.7,111688.31168831169,1621.8100973589333,3.25,1.05,0.3230769230769231,10574.041343272112
Holger Baumgardt,NGC_5272,0.0844496598521961,below-threshold,,,,,,84196.76548408298,8.2,254037.26708074534,3162.2776601683795,3.4,0.98,0.28823529411764703,21975.542135012576
Holger Baumgardt,Ter_1,0.08440227577425906,below-threshold,,,,,,211585.65599972729,9.8,86147.18614718615,275.4228703338164,1.47,0.36,0.24489795918367346,39866.34557230143
Holger Baumgardt,NGC_5927,0.08400331440779617,below-threshold,,,,,,30301.576033631743,6.6,168390.80459770115,2691.534803926914,3.11,1.33,0.4276527331189711,17409.95281249172
Holger Baumgardt,NGC_7089,0.08375454962681993,below-threshold,,,,,,223874.87261127547,11.1,354545.45454545453,2818.3829312644493,3.05,0.71,0.23278688524590163,38112.921746353626
Holger Baumgardt,NGC_6779,0.08333634606437063,below-threshold,,,,,,35495.587259682965,5.8,107096.77419354838,1288.2495516931322,2.96,0.98,0.3310810810810811,12223.426565187681
Holger Baumgardt,NGC_6626,0.08294291029111177,below-threshold,,,,,,432625.59031503444,10.4,139175.25773195876,524.8074602497734,1.61,0.32,0.19875776397515527,53692.0866216422
Holger Baumgardt,Patchick_126,0.08235363611628235,below-threshold,,,,,,40126.53569077886,1.9,2130.434782608696,33.88441561392027,1.12,0.13,0.11607142857142856,1698.3695652173913
Holger Baumgardt,NGC_104,0.08228422572671354,below-threshold,,,,,,390209.5390302093,11.9,456149.7326203208,5011.872336272714,4.03,0.61,0.15136476426799006,28086.481206110544
Holger Baumgardt,NGC_5904,0.08224272172175433,below-threshold,,,,,,53988.434257884575,7.9,216574.5856353591,3162.2776601683795,3.52,1.13,0.32102272727272724,17479.224692936394
Holger Baumgardt,NGC_6273,0.08224244078935512,below-threshold,,,,,,100651.590867815,11.6,309913.7931034483,2951.20922666639,3.16,0.99,0.31329113924050633,31036.07125294907
Holger Baumgardt,NGC_5824,0.0821254909633899,below-threshold,,,,,,320683.19978433935,11.3,374874.37185929646,4073.802778041122,4.51,0.61,0.1352549889135255,18430.311151827987
Holger Baumgardt,NGC_6093,0.08212142433906104,below-threshold,,,,,,1176116.5033898132,11.1,162944.1624365482,794.3282347242822,1.93,0.21,0.10880829015544041,43744.57366279584
Holger Baumgardt,NGC_5634,0.081858459587775,below-threshold,,,,,,89153.63694415014,5.9,104219.40928270042,4265.795188015934,4.57,0.61,0.1334792122538293,4990.179952152053
Holger Baumgardt,NGC_6254,0.08171944017143813,below-threshold,,,,,,64246.93023970248,6.2,110526.31578947368,1659.5869074375632,2.99,0.74,0.2474916387959866,12362.984283114693
Holger Baumgardt,NGC_6229,0.08168034110608734,below-threshold,,,,,,38210.669912863,6.7,147904.19161676647,1862.0871366628655,3.12,1.11,0.3557692307692308,15193.971032294385
Holger Baumgardt,NGC_6325,0.0816671270468701,below-threshold,,,,,,740172.1245220376,5.3,28136.363636363632,257.03957827688646,1.72,0.11,0.06395348837209303,9510.669157775701
Holger Baumgardt,Pal_13,0.0815051143629908,below-threshold,,,,,,4539.562632885164,0.5,1553.072625698324,1659.5869074375632,11.72,0.33,0.028156996587030716,11.306717504705382
Holger Baumgardt,Ter_6,0.08132722022016933,below-threshold,,,,,,122384.04488574792,6.8,58479.53216374269,208.9296130854041,1.05,0.39,0.37142857142857144,53042.65955895028
Holger Baumgardt,Pal_6,0.08115946731581075,below-threshold,,,,,,52680.44340469411,5.1,61582.73381294964,426.5795188015934,2.27,0.61,0.2687224669603524,11951.082655000027
Holger Baumgardt,NGC_6624,0.08113361915766196,below-threshold,,,,,,662917.6512309771,7.0,75182.48175182482,251.1886431509582,1.7,0.19,0.11176470588235295,26014.699568105476
Holger Baumgardt,NGC_6760,0.08101859391840503,below-threshold,,,,,,40863.47370733242,6.6,149738.21989528797,2187.761623949552,3.35,1.08,0.32238805970149254,13342.679429297212
Holger Baumgardt,NGC_6715,0.0806493220619272,below-threshold,,,,,,894705.8276081267,17.2,850267.3796791444,5754.399373371567,3.58,0.55,0.15363128491620112,66342.13817289913
Holger Baumgardt,Gran_5,0.08016176745501072,below-threshold,,,,,,20969.633941316202,3.1,12180.851063829788,125.89254117941661,1.73,0.43,0.24855491329479767,4069.9158220554605
Holger Baumgardt,NGC_4147,0.07994372147412052,below-threshold,,,,,,41079.765315411336,3.6,23862.433862433863,407.3802778041122,2.53,0.43,0.1699604743083004,3727.9810436710254
Holger Baumgardt,NGC_6749,0.07992553990595168,below-threshold,,,,,,22067.17753823996,5.4,151851.85185185185,2511.886431509582,4.17,1.48,0.354916067146283,8732.688775704723
Holger Baumgardt,Pal_11,0.07989073815612903,below-threshold,,,,,,179.25839317112147,1.1,9466.666666666666,1479.108388168207,6.1,4.1,0.6721311475409836,254.41189644360838
Holger Baumgardt,NGC_6934,0.07988428872110752,below-threshold,,,,,,56716.34266983028,5.5,89820.35928143714,1479.108388168207,2.96,0.71,0.23986486486486486,10251.593234276517
Holger Baumgardt,NGC_6205,0.07971304240601507,below-threshold,,,,,,24539.489881605532,8.9,236097.56097560978,2951.20922666639,3.47,1.75,0.5043227665706052,19607.96626295458
Holger Baumgardt,NGC_7492,0.07960191138165641,below-threshold,,,,,,341.96721267406605,1.3,19313.725490196077,2041.7379446695315,7.62,4.24,0.5564304461942258,332.62593758302984
Holger Baumgardt,NGC_2298,0.07959682457795161,below-threshold,,,,,,50430.5422070842,3.9,29294.117647058825,380.18939632056123,2.41,0.43,0.1784232365145228,5043.666198422689
Holger Baumgardt,Ter_7,0.07948838148892064,below-threshold,,,,,,226.32609114817788,1.3,11150.0,3235.936569296281,6.34,3.96,0.6246056782334385,277.39354556220087
Holger Baumgardt,NGC_6316,0.07943404601347911,below-threshold,,,,,,71273.76932026897,7.6,122614.8409893993,2884.031503126612,3.15,0.74,0.23492063492063492,12357.252808203508
Holger Baumgardt,NGC_7006,0.0794151546751495,below-threshold,,,,,,9440.72821108623,4.2,85714.28571428571,2511.886431509582,4.31,1.7,0.39443155452436196,4614.223960588376
Holger Baumgardt,Ter_4,0.07934957607834671,below-threshold,,,,,,148545.43424544254,5.7,70980.39215686276,2398.832919019495,3.27,0.39,0.11926605504587157,6638.086221405115
Holger Baumgardt,NGC_6717,0.07908650607138987,below-threshold,,,,,,87318.25110701229,2.9,23070.175438596492,275.4228703338164,2.63,0.29,0.11026615969581749,3335.334534053766
Holger Baumgardt,NGC_6380,0.0790726011834017,below-threshold,,,,,,40631.755330041415,8.3,115202.7027027027,1737.8008287493763,3.14,0.95,0.30254777070063693,11684.318096342924
Holger Baumgardt,NGC_6171,0.07895353470648665,below-threshold,,,,,,39803.04405678509,3.9,33812.154696132595,562.3413251903492,2.58,0.52,0.20155038759689922,5079.645859042815
Holger Baumgardt,RLGC_2,0.07889297088824714,below-threshold,,,,,,462820.3640259109,7.6,148888.88888888888,1995.2623149688827,3.33,0.32,0.0960960960960961,13426.840253667078
Holger Baumgardt,NGC_6341,0.07883237797520631,below-threshold,,,,,,615045.8561815219,9.1,162500.0,1258.9254117941662,2.03,0.29,0.14285714285714285,39433.13353879008
Holger Baumgardt,NGC_6535,0.07880901274690194,below-threshold,,,,,,66203.10658024218,2.5,8319.327731092437,275.4228703338164,2.7,0.2,0.07407407407407407,1141.197219628592
Holger Baumgardt,NGC_6333,0.07874519126716296,below-threshold,,,,,,73248.82097764831,8.6,150980.39215686274,1288.2495516931322,2.74,0.81,0.29562043795620435,20110.34047589945
Holger Baumgardt,NGC_1904,0.07855724058022207,below-threshold,,,,,,292295.57959944045,6.7,100000.0,1380.3842646028868,2.58,0.33,0.12790697674418605,15023.135628868456
Holger Baumgardt,E_3,0.07855120897586744,below-threshold,,,,,,454.22450352538823,0.6,2265.486725663717,234.42288153199178,4.39,1.26,0.2870159453302962,117.55266554572243
Holger Baumgardt,NGC_6541,0.07850044429313438,below-threshold,,,,,,4418821.4092386,9.2,167973.8562091503,1318.2567385564048,2.29,0.11,0.048034934497816595,32031.016992267556
Holger Baumgardt,VVV-CL001,0.07848432120137037,below-threshold,,,,,,34891.270209081005,6.5,34375.0,724.4359600749891,2.34,0.56,0.23931623931623935,6277.850829132882
Holger Baumgardt,NGC_7099,0.07847197903360328,below-threshold,,,,,,2953415.859845002,5.9,75155.27950310559,1023.2929922807537,2.54,0.09,0.03543307086614173,11649.091621164609
Holger Baumgardt,NGC_6584,0.07846419381693634,below-threshold,,,,,,18015.86180867932,4.4,76158.94039735099,1659.5869074375632,3.47,1.16,0.33429394812680113,6325.020587942014
Holger Baumgardt,Ton_2,0.07828066413601632,below-threshold,,,,,,14891.181419309558,3.0,45851.063829787236,758.5775750291851,2.86,0.99,0.34615384615384615,5605.538636337626
Holger Baumgardt,NGC_6284,0.07822165306845061,below-threshold,,,,,,424442.4534717304,6.8,97206.70391061452,1071.5193052376048,2.94,0.27,0.09183673469387756,11246.090044728415
Holger Baumgardt,ESO_452-SC11,0.07822130239546518,below-threshold,,,,,,2743.2559896032426,1.4,3420.5607476635514,141.25375446227554,2.48,0.63,0.2540322580645161,556.1525669328095
Holger Baumgardt,NGC_6752,0.07818008746038492,below-threshold,,,,,,417691.70585203305,7.7,118099.54751131222,1995.2623149688827,2.86,0.3,0.1048951048951049,14438.30352478266
Holger Baumgardt,NGC_6496,0.07816389368694636,below-threshold,,,,,,2069.3313351572847,3.0,42272.72727272727,1819.7008586099826,4.26,2.55,0.5985915492957746,2329.3839005007426
Holger Baumgardt,NGC_5694,0.07810665144770747,below-threshold,,,,,,119588490.75899398,9.3,150279.32960893854,1348.962882591656,3.08,0.02,0.006493506493506493,15841.55523791307
Holger Baumgardt,NGC_6517,0.07809796890536726,below-threshold,,,,,,1349194.1800568835,9.2,83076.92307692308,741.3102413009162,1.7,0.14,0.0823529411764706,28746.34016502529
Holger Baumgardt,2MASS-GC02,0.07804282220488523,below-threshold,,,,,,7176.601665607489,2.2,8666.666666666666,162.1810097358933,2.22,0.62,0.27927927927927926,1758.5152720287851
Holger Baumgardt,HP_1,0.0780320047979796,below-threshold,,,,,,12223.594140758043,5.4,37637.36263736264,1023.2929922807537,3.1,0.99,0.3193548387096774,3916.47894249351
Holger Baumgardt,Pal_1,0.07800293539384708,below-threshold,,,,,,647.8985242146001,0.5,430.69767441860466,66.06934480075964,2.01,0.46,0.22885572139303487,106.6056964972661
Holger Baumgardt,NGC_6453,0.0779679632086254,below-threshold,,,,,,2123667.085456369,7.1,112751.67785234899,1000.0,2.76,0.13,0.04710144927536233,14801.469997420318
Holger Baumgardt,NGC_6366,0.07793400846855589,below-threshold,,,,,,1277.8164309179392,2.5,21981.132075471698,1380.3842646028868,3.78,2.34,0.6190476190476191,1538.3900279577629
Holger Baumgardt,Djor_1,0.07793194867120251,below-threshold,,,,,,21724.031254285586,3.8,43678.75647668394,1318.2567385564048,4.1,0.8,0.19512195121951223,2598.379326394048
Holger Baumgardt,UKS_1,0.07792882487203434,below-threshold,,,,,,13580.759486781193,4.1,44388.88888888889,794.3282347242822,2.99,1.02,0.3411371237458194,4965.144560898523
Holger Baumgardt,Djor_2,0.07790708202617884,below-threshold,,,,,,6389.439069880597,3.9,34447.300771208225,2041.7379446695315,4.64,1.31,0.2823275862068966,1599.997248959954
Holger Baumgardt,Pal_8,0.07787819541414165,below-threshold,,,,,,2214.2464686884646,3.2,24586.206896551725,1513.561248436207,3.46,1.88,0.5433526011560693,2053.711024136433
Holger Baumgardt,NGC_6553,0.07785751432802296,below-threshold,,,,,,104082.84585697159,8.5,88416.98841698842,630.9573444801944,2.3,0.52,0.22608695652173916,16713.98646823978
Holger Baumgardt,IC_1276,0.07784672795333307,below-threshold,,,,,,17263.22221817522,3.7,41049.723756906074,1096.4781961431827,3.2,0.87,0.271875,4008.762085635358
Holger Baumgardt,NGC_6402,0.07783143706725584,below-threshold,,,,,,22229.387591473645,10.2,279342.72300469485,2630.2679918953813,3.54,2.0,0.5649717514124294,22291.066025463217
Holger Baumgardt,NGC_6293,0.07780931007534836,below-threshold,,,,,,7093534.814516365,7.5,80225.98870056497,676.0829753919818,2.21,0.06,0.027149321266968326,16425.951291039284
Holger Baumgardt,Ter_2,0.07779241218991184,below-threshold,,,,,,89700.85359446597,4.3,59629.62962962963,1023.2929922807537,2.4,0.46,0.19166666666666668,10352.366255144034
Holger Baumgardt,NGC_6355,0.07778728246447265,below-threshold,,,,,,489821.5795157399,5.6,61552.795031055895,616.5950018614809,2.36,0.2,0.08474576271186442,11051.564749902309
Holger Baumgardt,AM_4,0.07774008724420398,below-threshold,,,,,,14.717118417937607,0.2,207.79944289693594,602.559586074357,6.46,2.12,0.3281733746130031,4.979426690971253
Holger Baumgardt,NGC_6352,0.07772560486896299,below-threshold,,,,,,12937.635343582888,3.4,29365.853658536587,954.992586021437,3.23,0.85,0.2631578947368421,2814.735467467012
Holger Baumgardt,NGC_6235,0.07769047932761629,below-threshold,,,,,,9873.645851743497,4.1,41739.130434782615,1318.2567385564048,3.36,1.16,0.34523809523809523,3697.131026323574
Holger Baumgardt,NGC_6256,0.07767467553248814,below-threshold,,,,,,3855985.743359245,5.4,59358.28877005347,1047.1285480508986,2.94,0.07,0.02380952380952381,6867.310931793868
Holger Baumgardt,NGC_6528,0.07767085440953914,below-threshold,,,,,,138783.59847099174,4.6,31784.511784511782,1071.5193052376048,2.45,0.27,0.11020408163265306,5295.212292296839
Holger Baumgardt,NGC_6838,0.07765902471502038,below-threshold,,,,,,10615.468774342507,2.6,38181.818181818184,794.3282347242822,3.32,1.07,0.32228915662650603,3464.0203750379396
Holger Baumgardt,ESO_280-SC06,0.0776420257848574,below-threshold,,,,,,398.720544463487,1.8,7580.340264650284,2290.86765276777,7.02,2.46,0.35042735042735046,153.8205912421629
Holger Baumgardt,IC_1257,0.07762859115521385,below-threshold,,,,,,3193.599851179072,1.7,9833.333333333334,660.6934480075965,4.13,0.99,0.2397094430992736,576.5017871555402
Holger Baumgardt,NGC_6144,0.07762808604108724,below-threshold,,,,,,10123.690365093493,3.9,31804.51127819549,1096.4781961431827,3.7,1.0,0.27027027027027023,2323.1929348572303
Holger Baumgardt,BH_261,0.07762507166055888,below-threshold,,,,,,6860.9220961338415,2.2,2793.4272300469484,616.5950018614809,2.94,0.36,0.12244897959183673,323.1786790280611
Holger Baumgardt,2MASS-GC01,0.07760367724424855,below-threshold,,,,,,224323.32513981135,2.8,22833.333333333332,1096.4781961431827,3.99,0.18,0.045112781954887216,1434.245597284774
Holger Baumgardt,NGC_6540,0.07759477775415531,below-threshold,,,,,,972916.4955419067,3.8,24757.70925110132,851.1380382023759,2.65,0.09,0.033962264150943396,3525.4836954220464
Holger Baumgardt,VVV-CL160,0.07757870699093751,below-threshold,,,,,,10124.96407415489,3.2,20869.565217391308,794.3282347242822,3.28,0.81,0.24695121951219515,1939.8391226754268
Holger Baumgardt,Laevens_3,0.07757436322658093,below-threshold,,,,,,96.16265984143591,0.5,1488.888888888889,891.2509381337442,7.16,2.22,0.31005586592178774,29.042650215522475
Holger Baumgardt,Pal_12,0.0775668951992875,below-threshold,,,,,,156.8600101883919,0.7,4952.0,1348.962882591656,7.06,3.17,0.4490084985835694,99.35076920607662
Holger Baumgardt,FSR_1716,0.07756662203937487,below-threshold,,,,,,703.7447906837192,3.0,7004.950495049505,1023.2929922807537,3.7,1.78,0.48108108108108105,511.68374689916027
Holger Baumgardt,Gran_1,0.07754841771053728,below-threshold,,,,,,2459.1045605333074,1.8,14500.0,1380.3842646028868,5.72,1.37,0.23951048951048953,443.1757054134677
Holger Baumgardt,Ter_10,0.0775450875439307,below-threshold,,,,,,193190.36090682884,8.8,54623.28767123288,1698.243652461746,3.46,0.3,0.08670520231213873,4562.739121857803
DRAGON,D1-R7-IMF93,0.8309541807083409,,,,,,,250.0,4.5,186000.0,7417.0,8.7,4.8,,
DRAGON,D2-R7-IMF01,0.8252015754087868,,,,,,,70.0,3.8,111000.0,12706.0,14.4,10.0,,
DRAGON,D3-R7-ROT,0.9106674492604213,,,,,,,130.0,4.0,122000.0,11874.0,13.4,11.9,,
Palomar 5,pal5,0.17556165829313847,,,,,,,40.322870561272566,0.8360171419295183,4767.452602,4793.834692417292,17.586652781015335,13.77738229878486,0.7833999152844733,15.414165068190874
